{
  "project_info": {
    "project_number": "451782224811",
    "firebase_url": "https://zgr-v1-default-rtdb.firebaseio.com",
    "project_id": "zgr-v1",
    "storage_bucket": "zgr-v1.appspot.com"
  },
  "client": [
    {
      "client_info": {
        "mobilesdk_app_id": "1:451782224811:android:e51cc34e967dcf09b100ee",
        "android_client_info": {
          "package_name": "com.example.ozgur_group"
        }
      },
      "oauth_client": [],
      "api_key": [
        {
          "current_key": "AIzaSyD1J_0OZ4KxaXTCmtxNTaXi7ZkM4nnCOTw"
        }
      ],
      "services": {
        "appinvite_service": {
          "other_platform_oauth_client": []
        }
      }
    },
    {
      "client_info": {
        "mobilesdk_app_id": "1:451782224811:android:1b8b52834532f61db100ee",
        "android_client_info": {
          "package_name": "com.example.zgr_v1"
        }
      },
      "oauth_client": [],
      "api_key": [
        {
          "current_key": "AIzaSyD1J_0OZ4KxaXTCmtxNTaXi7ZkM4nnCOTw"
        }
      ],
      "services": {
        "appinvite_service": {
          "other_platform_oauth_client": []
        }
      }
    }
  ],
  "configuration_version": "1"
}